EmployeeID,mean_time
0,6.8702
1,7.316
2,6.8161
3,6.7892
4,7.8776
5,10.2758
6,6.4509
7,6.5636
8,6.6843
9,6.6536
10,8.1335
11,6.8418
12,8.5543
13,8.8714
14,5.894
15,6.382
16,6.0342
17,10.8816
18,6.4851
19,8.6217
20,7.0725
21,5.6225
22,7.8285
23,6.6156
24,6.5804
25,9.0612
26,10.5363
27,7.2074
28,10.7131
29,6.31
30,9.6628
31,6.521
32,9.8846
33,6.0339
34,6.3483
35,9.5709
36,9.7021
37,5.5233
38,6.1773
39,7.3813
40,7.0601
41,7.1678
42,6.7572
43,6.7555
44,7.057
45,6.9136
46,7.2074
47,7.4553
48,6.3585
49,6.324
50,10.5892
51,8.6859
52,6.5571
53,6.9341
54,8.4379
55,6.4579
56,10.8096
57,7.0074
58,9.7091
59,7.588
60,10.4581
61,10.0746
62,9.3414
63,6.4478
64,7.1366
65,10.6411
66,5.7626
67,6.0253
68,5.5638
69,9.8516
70,7.2128
71,6.3373
72,5.9453
73,8.6435
74,5.6815
75,6.8985
76,6.9005
77,9.1974
78,9.6783
79,6.6296
80,7.071
81,5.9576
82,5.6878
83,8.7306
84,9.9656
85,8.2191
86,7.4036
87,6.7629
88,9.2995
89,7.4583
90,5.9814
91,5.9009
92,8.0868
93,7.1641
94,6.8473
95,10.7115
96,10.2343
97,5.8499
98,5.8676
99,7.9703
100,6.8074
101,6.7912
102,5.972
103,7.6062
104,7.345
105,9.7494
106,7.4155
107,5.5889
108,7.1003
109,6.3646
110,8.736
111,10.6759
112,5.5378
113,7.6635
114,7.3148
115,5.8166
116,6.6345
117,7.5424
118,6.9768
119,5.6409
120,8.6007
121,8.2308
122,9.2306
123,6.4017
124,6.7464
125,5.8318
126,6.0338
127,7.8956
128,6.2189
129,6.173
130,7.0619
131,9.7608
132,6.9987
133,7.1642
134,5.4689
135,6.4463
136,5.7133
137,6.9967
138,8.4867
139,10.152
140,10.005
141,6.5783
142,8.8645
143,7.1224
144,7.4641
145,6.4113
146,5.8694
147,6.1344
148,7.9976
149,6.4606
150,6.8916
151,6.384
152,6.7637
153,5.7435
154,7.2435
155,6.3038
156,10.093
157,5.6562
158,8.1778
159,5.5434
160,5.7267
161,7.4293
162,6.974
163,6.3307
164,7.4298
165,6.449
166,5.8358
167,7.0051
168,6.0592
169,6.6962
170,7.2132
171,6.6138
172,6.0934
173,7.4054
174,7.129
175,8.6266
176,6.0452
177,7.9669
178,6.8253
179,6.2666
180,8.6265
181,6.0327
182,10.4657
183,7.4029
184,7.0841
185,6.0327
186,6.2895
187,6.9456
188,5.7196
189,5.6282
190,7.1544
191,6.8635
192,8.4795
193,10.2434
194,6.7258
195,9.0059
196,6.7695
197,7.1648
198,6.3074
199,8.9337
200,6.6045
201,8.5835
202,5.5329
203,5.7925
204,6.0974
205,8.1891
206,7.1227
207,5.6736
208,7.3968
209,7.2655
210,8.8934
211,5.8007
212,5.8613
213,5.7783
214,6.5666
215,10.4353
216,8.3337
217,7.1759
218,6.3578
219,6.6528
220,6.7547
221,10.695
222,6.4357
223,8.2627
224,6.415
225,7.6062
226,5.9304
227,7.5711
228,8.6688
229,6.8906
230,7.0696
231,8.546
232,6.6112
233,8.9065
234,6.6784
235,6.1389
236,7.8621
237,6.2227
238,6.6812
239,8.062
240,5.5039
241,6.8727
242,9.1136
243,6.9575
244,6.7138
245,7.1397
246,6.9353
247,9.7631
248,5.9404
249,6.4004
250,6.3351
251,7.3036
252,5.8679
253,10.1872
254,6.4688
255,8.2479
256,10.2773
257,6.2445
258,6.6628
259,7.434
260,6.6076
261,7.1785
262,6.5568
263,8.3509
264,6.9941
265,9.0094
266,6.3551
267,7.2713
268,6.2812
269,7.4233
270,8.1061
271,6.7048
272,6.0399
273,7.3272
274,6.2318
275,8.3738
276,6.2405
277,7.0293
278,6.2902
279,6.9915
280,5.7718
281,6.7341
282,7.448
283,5.7542
284,9.0256
285,5.9119
286,7.6383
287,7.0378
288,6.2523
289,9.6036
290,6.7272
291,6.2534
292,7.2393
293,6.0936
294,6.6775
295,8.2682
296,7.35
297,6.5145
298,5.7222
299,6.5852
300,7.1157
301,10.3774
302,5.9189
303,5.5373
304,9.6061
305,7.1539
306,5.6428
307,7.4337
308,9.325
309,7.627
310,7.6582
311,6.898
312,7.0101
313,6.598
314,6.0661
315,5.7198
316,5.9535
317,8.731
318,6.5091
319,9.2274
320,10.5066
321,6.4238
322,7.6427
323,6.5642
324,6.2977
325,7.2986
326,7.6028
327,7.5908
328,6.5964
329,5.7809
330,6.0753
331,10.6526
332,6.761
333,7.7623
334,9.0486
335,7.0647
336,7.2295
337,8.2889
338,7.4063
339,9.7572
340,5.7294
341,6.0623
342,7.4152
343,6.4156
344,9.2272
345,6.1409
346,7.3992
347,7.3816
348,6.487
349,5.8327
350,5.8387
351,6.8042
352,9.8619
353,6.6858
354,9.7104
355,6.6986
356,7.388
357,7.1939
358,5.6729
359,6.0643
360,6.133
361,5.8262
362,6.4042
363,9.1585
364,7.3201
365,5.9228
366,10.2242
367,8.1132
368,6.4014
369,7.1296
370,5.9082
371,5.7357
372,6.0397
373,10.6308
374,7.3977
375,7.3777
376,10.1588
377,8.089
378,9.2775
379,7.2523
380,7.4196
381,7.2295
382,6.9842
383,6.4315
384,6.6227
385,9.2288
386,9.7334
387,9.1303
388,5.957
389,6.7341
390,6.9922
391,6.5354
392,7.1287
393,10.4684
394,7.9086
395,6.055
396,6.7721
397,8.8869
398,9.9445
399,6.1414
400,9.3815
401,5.8501
402,10.2896
403,6.3667
404,6.6774
405,7.7514
406,10.0909
407,8.0766
408,9.4874
409,9.6579
410,7.2765
411,10.2379
412,7.3722
413,7.6295
414,6.2981
415,10.0822
416,7.9862
417,5.935
418,9.9219
419,6.5145
420,6.4299
421,6.9412
422,6.2422
423,6.9399
424,6.8837
425,8.3306
426,5.5058
427,7.3983
428,10.0254
429,6.7828
430,10.274
431,5.9126
432,7.7274
433,8.0101
434,7.4498
435,9.3333
436,5.8964
437,5.695
438,6.005
439,7.0076
440,6.0637
441,6.6813
442,6.9054
443,6.3398
444,7.3603
445,7.417
446,6.966
447,6.0133
448,9.0163
449,9.5242
450,6.6145
451,7.826
452,7.3925
453,9.7442
454,7.3648
455,6.7851
456,6.8239
457,8.6933
458,7.3343
459,6.6237
460,8.4587
461,7.748
462,9.9144
463,9.2519
464,7.5503
465,6.6933
466,6.4609
467,8.6844
468,6.1244
469,5.9582
470,6.0966
471,9.2432
472,9.4677
473,8.0476
474,6.9642
475,7.3233
476,6.7143
477,7.7883
478,6.0696
479,6.5897
480,6.7575
481,7.1191
482,6.6274
483,7.3529
484,5.868
485,9.9433
486,6.1935
487,8.1757
488,5.7193
489,7.6747
490,7.1676
491,5.7009
492,10.6791
493,5.9004
494,7.5765
495,10.4287
496,7.1979
497,7.2212
498,6.88
499,6.8942
500,7.8456
501,6.5375
502,7.5616
503,5.7162
504,7.616
505,9.0331
506,7.55
507,7.2552
508,9.0172
509,6.709
510,5.5526
511,7.585
512,6.9505
513,7.2069
514,6.4684
515,6.1569
516,5.5684
517,7.6704
518,8.8923
519,6.0899
520,10.5476
521,8.4719
522,6.9432
523,6.974
524,6.1006
525,7.4988
526,6.7371
527,7.5739
528,7.8147
529,6.2471
530,6.4534
531,5.9912
532,6.0003
533,9.2213
534,7.1691
535,6.5849
536,6.2853
537,10.4124
538,10.506
539,7.3088
540,9.5962
541,6.6454
542,5.9429
543,10.3371
544,7.8475
545,6.5484
546,5.6867
547,5.6049
548,7.7579
549,10.6119
550,5.8412
551,6.5642
552,6.1164
553,6.8853
554,6.9769
555,6.7371
556,5.8395
557,9.9695
558,5.797
559,6.6467
560,6.0491
561,6.8528
562,6.0666
563,6.6249
564,7.4137
565,6.6175
566,7.1154
567,10.7235
568,5.9209
569,10.1269
570,6.5721
571,8.4426
572,7.7654
573,6.6142
574,7.8413
575,6.9386
576,6.546
577,6.6109
578,6.5199
579,6.3099
580,7.4389
581,7.1387
582,6.4409
583,7.2413
584,9.8364
585,7.34
586,7.4422
587,10.1778
588,6.5657
589,7.312
590,7.6978
591,7.299
592,6.0386
593,5.702
594,7.1386
595,6.9927
596,8.621
597,6.6118
598,6.296
599,9.6505
600,5.8517
601,8.4659
602,9.4025
603,5.6803
604,5.7496
605,7.4436
606,6.9222
607,7.0427
608,6.1643
609,6.938
610,6.5317
611,6.9386
612,8.0547
613,5.9827
614,5.462
615,6.0547
616,5.84
617,7.225
618,6.0036
619,5.7415
620,7.2307
621,8.2715
622,6.8572
623,7.8873
624,7.6813
625,5.6907
626,6.7348
627,7.8534
628,8.7777
629,9.3757
630,9.6107
631,8.5866
632,6.0647
633,5.644
634,7.9509
635,6.8135
636,7.5179
637,8.2813
638,6.8918
639,7.1041
640,6.3018
641,6.1635
642,5.9401
643,5.9142
644,7.4069
645,8.6541
646,5.9819
647,6.6119
648,5.72
649,6.5717
650,10.3664
651,10.0908
652,6.8238
653,9.0199
654,8.5484
655,9.1646
656,9.2751
657,7.3507
658,6.5962
659,8.5964
660,10.8538
661,6.1952
662,6.5501
663,9.5828
664,7.3692
665,7.0755
666,10.3558
667,8.8539
668,5.9497
669,10.5231
670,5.6928
671,9.0467
672,6.427
673,9.3228
674,7.9003
675,6.3627
676,7.4382
677,6.204
678,5.83
679,8.2217
680,5.5265
681,6.2045
682,7.5054
683,5.9263
684,6.4798
685,7.3058
686,7.6275
687,9.7362
688,9.4077
689,9.5339
690,10.1975
691,5.8853
692,9.3282
693,7.2909
694,8.5684
695,5.5039
696,9.2935
697,6.0442
698,7.4582
699,7.0421
700,7.0813
701,5.8581
702,7.2394
703,8.9323
704,9.1026
705,6.2728
706,6.6695
707,5.7558
708,7.8262
709,5.5917
710,5.7385
711,7.4101
712,6.8313
713,6.8094
714,7.7319
715,6.5996
716,7.0043
717,8.5
718,9.812
719,6.0151
720,6.1637
721,6.7924
722,7.3473
723,8.8429
724,5.8024
725,7.4035
726,6.3173
727,10.458
728,10.1699
729,6.5406
730,10.2089
731,9.9378
732,7.4984
733,9.6957
734,6.348
735,6.9939
736,8.6668
737,9.2912
738,9.5781
739,9.6765
740,5.69
741,5.7825
742,6.114
743,6.9482
744,7.0996
745,7.3003
746,6.2592
747,6.0182
748,6.7702
749,7.8951
750,5.7252
751,10.4845
752,7.0025
753,8.8355
754,7.0395
755,7.4177
756,6.9108
757,6.9619
758,7.5544
759,7.0165
760,6.0497
761,7.1986
762,7.4139
763,6.8734
764,7.115
765,6.1712
766,6.0973
767,9.1702
768,7.1244
769,5.5628
770,10.2462
771,5.9031
772,6.4618
773,6.3726
774,9.1858
775,6.261
776,9.9107
777,6.0353
778,10.06
779,9.9723
780,6.7188
781,6.9595
782,7.808
783,6.072
784,6.0997
785,6.4935
786,6.5659
787,6.2784
788,6.7847
789,6.9665
790,6.521
791,5.8155
792,6.6551
793,7.1231
794,5.6297
795,7.0019
796,6.5338
797,5.7989
798,6.4067
799,7.6082
800,8.2735
801,6.019
802,7.9742
803,7.0553
804,10.0446
805,6.8608
806,5.93
807,10.09
808,7.7399
809,10.4576
810,7.4365
811,5.9013
812,6.3473
813,5.9888
814,6.9785
815,5.5177
816,7.8478
817,7.126
818,6.41
819,6.3136
820,7.2487
821,6.5242
822,6.7979
823,5.7055
824,7.2452
825,7.0393
826,9.6701
827,5.879
828,9.4625
829,9.7778
830,6.3574
831,7.4277
832,5.9283
833,6.7454
834,5.802
835,7.9059
836,6.1708
837,10.3188
838,8.2628
839,5.9248
840,8.1471
841,6.2768
842,7.2417
843,7.0406
844,8.907
845,7.4809
846,7.5098
847,6.6805
848,6.7838
849,6.6506
850,6.6714
851,6.0832
852,9.0236
853,6.3774
854,7.417
855,6.9366
856,6.6264
857,7.1241
858,5.9883
859,5.6167
860,7.0083
861,6.6403
862,6.7504
863,6.8906
864,7.7181
865,8.5152
866,7.6441
867,6.5036
868,9.048
869,6.4232
870,8.6985
871,5.8524
872,6.2634
873,5.5861
874,6.1266
875,6.4376
876,6.8501
877,6.3871
878,8.0117
879,8.4542
880,9.1981
881,5.9114
882,8.5688
883,6.1406
884,8.7681
885,7.4007
886,6.6856
887,10.7415
888,5.8571
889,7.0027
890,6.0662
891,5.9437
892,7.1756
893,7.1174
894,7.4377
895,8.1953
896,5.8699
897,6.2354
898,7.008
899,5.7193
900,7.673
901,6.2057
902,7.1114
903,8.9724
904,5.751
905,7.368
906,8.8476
907,8.0068
908,6.5119
909,10.1401
910,8.3388
911,6.6233
912,6.2557
913,10.2762
914,6.8846
915,7.3752
916,5.7062
917,6.3385
918,7.4877
919,7.507
920,6.2
921,7.2117
922,5.4816
923,8.2603
924,7.6985
925,6.0313
926,7.0055
927,7.4178
928,7.7742
929,6.9957
930,10.4468
931,5.8456
932,6.0425
933,7.1829
934,9.1501
935,7.5559
936,6.3068
937,6.1049
938,10.607
939,7.456
940,9.0306
941,5.4562
942,7.9786
943,7.8013
944,7.0916
945,7.5406
946,9.4064
947,7.2856
948,7.0747
949,7.6076
950,7.4248
951,5.835
952,7.2241
953,6.3567
954,6.5752
955,9.0724
956,8.1639
957,7.6366
958,7.801
959,6.4417
960,6.5261
961,7.3527
962,5.8319
963,5.9937
964,6.0749
965,6.4594
966,7.5958
967,5.9972
968,6.27
969,6.584
970,7.1645
971,9.3124
972,5.582
973,7.4236
974,6.6983
975,6.692
976,7.2562
977,9.091
978,9.9603
979,6.8169
980,5.6875
981,6.1759
982,10.1165
983,7.4766
984,7.7161
985,7.5049
986,5.924
987,5.6163
988,6.2051
989,7.0288
990,5.7975
991,6.2591
992,8.4867
993,7.4501
994,9.4568
995,6.7633
996,7.6048
997,7.5801
998,7.7521
999,6.0184
1000,5.7109
1001,6.552
1002,5.5088
1003,8.5123
1004,8.1034
1005,6.2811
1006,7.0869
1007,6.2554
1008,6.0097
1009,7.8463
1010,7.554
1011,5.7217
1012,7.5487
1013,7.0667
1014,6.0465
1015,8.6639
1016,6.7963
1017,6.3962
1018,7.7503
1019,9.8583
1020,9.2014
1021,8.5764
1022,5.5958
1023,7.9009
1024,7.8728
1025,6.8039
1026,6.6195
1027,6.5317
1028,6.0959
1029,6.1208
1030,6.3554
1031,7.646
1032,7.2916
1033,6.0588
1034,5.9497
1035,6.7329
1036,7.3616
1037,10.1161
1038,6.8426
1039,8.0309
1040,7.8398
1041,6.1678
1042,6.8705
1043,6.4452
1044,6.7798
1045,10.1076
1046,6.8789
1047,6.5152
1048,7.0697
1049,6.9762
1050,9.0917
1051,5.876
1052,9.2421
1053,7.2223
1054,5.7671
1055,8.4864
1056,6.7114
1057,10.0595
1058,6.463
1059,9.9191
1060,7.3226
1061,7.0216
1062,6.1781
1063,5.5368
1064,6.9174
1065,7.2003
1066,7.4204
1067,6.3815
1068,9.9099
1069,7.523
1070,6.5136
1071,7.532
1072,6.1247
1073,5.8098
1074,8.072
1075,7.2827
1076,7.3439
1077,6.2847
1078,5.9088
1079,6.4109
1080,7.0441
1081,10.2507
1082,8.8469
1083,7.089
1084,7.5354
1085,6.6913
1086,8.1101
1087,10.2182
1088,6.9069
1089,5.9228
1090,6.6392
1091,8.8908
1092,7.0416
1093,7.058
1094,6.8499
1095,9.615
1096,6.3686
1097,6.6744
1098,5.8985
1099,6.8792
1100,7.7253
1101,8.8425
1102,6.4462
1103,5.5622
1104,7.4411
1105,5.9321
1106,10.0926
1107,6.2871
1108,5.8146
1109,6.6707
1110,8.7484
1111,9.2736
1112,5.5935
1113,7.3204
1114,6.453
1115,10.6778
1116,9.7698
1117,9.6462
1118,7.192
1119,5.9316
1120,8.4923
1121,6.2932
1122,6.4267
1123,6.2105
1124,9.7342
1125,6.902
1126,5.6619
1127,6.4742
1128,6.5808
1129,7.4419
1130,6.4602
1131,6.5877
1132,5.7615
1133,7.0068
1134,8.143
1135,7.701
1136,7.0936
1137,9.6133
1138,10.6344
1139,7.294
1140,7.6451
1141,7.3299
1142,7.3509
1143,7.7263
1144,10.501
1145,5.6
1146,6.0616
1147,5.834
1148,10.3857
1149,6.6551
1150,6.6572
1151,7.5604
1152,5.9376
1153,5.6602
1154,5.5203
1155,9.5391
1156,7.2473
1157,5.7504
1158,7.46
1159,6.6329
1160,6.3266
1161,9.5718
1162,7.235
1163,7.0249
1164,9.8559
1165,5.8604
1166,7.7477
1167,8.8112
1168,6.8462
1169,5.6448
1170,5.7202
1171,7.5029
1172,7.3904
1173,7.4542
1174,9.0843
1175,7.7795
1176,6.668
1177,10.0676
1178,7.8319
1179,6.1797
1180,7.3485
1181,7.6047
1182,7.4346
1183,6.1162
1184,10.816
1185,7.2503
1186,6.3276
1187,7.3615
1188,6.8202
1189,7.0588
1190,6.8355
1191,6.3471
1192,9.9145
1193,6.6841
1194,6.7746
1195,5.8991
1196,5.5885
1197,5.8876
1198,7.8891
1199,7.0634
1200,6.5915
1201,9.5419
1202,5.9129
1203,9.3458
1204,7.0868
1205,6.8976
1206,7.1994
1207,7.4161
1208,5.7311
1209,8.5407
1210,6.062
1211,5.9416
1212,8.0376
1213,6.3627
1214,8.4185
1215,9.0256
1216,6.0704
1217,6.8386
1218,9.3904
1219,6.1841
1220,7.8048
1221,7.612
1222,7.1069
1223,10.1217
1224,5.7556
1225,6.9719
1226,9.8516
1227,7.3914
1228,10.0517
1229,9.4405
1230,7.6296
1231,9.3351
1232,6.7415
1233,5.9552
1234,5.8256
1235,5.5156
1236,7.2815
1237,6.8502
1238,8.8089
1239,6.6985
1240,6.873
1241,7.398
1242,6.3186
1243,8.2586
1244,5.9687
1245,6.0785
1246,9.4823
1247,6.0968
1248,8.7049
1249,6.8874
1250,8.3859
1251,6.2674
1252,5.9402
1253,7.0078
1254,7.5079
1255,6.5676
1256,6.2691
1257,5.4832
1258,7.3489
1259,5.6613
1260,9.1313
1261,6.3824
1262,8.6611
1263,10.1257
1264,8.9716
1265,9.051
1266,9.8717
1267,8.0759
1268,6.0314
1269,8.2242
1270,5.8757
1271,6.9755
1272,7.4573
1273,5.8656
1274,8.957
1275,6.5276
1276,5.8602
1277,7.8859
1278,6.5777
1279,6.5612
1280,5.9053
1281,8.6787
1282,6.2719
1283,7.4192
1284,5.8196
1285,7.2809
1286,6.632
1287,5.9242
1288,5.7053
1289,8.4322
1290,6.4912
1291,9.8163
1292,8.6417
1293,7.364
1294,6.4133
1295,8.0683
1296,7.7837
1297,6.1094
1298,5.8912
1299,6.4605
1300,7.4341
1301,6.0232
1302,6.8397
1303,9.5605
1304,7.65
1305,8.55
1306,7.0761
1307,7.3418
1308,7.3572
1309,5.8225
1310,6.5676
1311,6.5706
1312,10.0658
1313,7.4805
1314,10.5831
1315,7.2557
1316,7.221
1317,6.7776
1318,8.9683
1319,8.2367
1320,7.4541
1321,6.0861
1322,7.1888
1323,7.8554
1324,7.5217
1325,6.2014
1326,5.7108
1327,5.7969
1328,7.5087
1329,7.632
1330,7.1686
1331,8.2136
1332,7.3399
1333,6.5469
1334,8.398
1335,6.4447
1336,7.8585
1337,7.2839
1338,7.0934
1339,8.9878
1340,6.0467
1341,6.9344
1342,7.4339
1343,6.796
1344,8.271
1345,7.4667
1346,7.5989
1347,6.444
1348,6.9301
1349,7.7505
1350,7.3864
1351,9.2727
1352,7.6796
1353,6.8114
1354,10.2904
1355,6.3047
1356,6.297
1357,6.1541
1358,5.8548
1359,7.1132
1360,7.5654
1361,6.2007
1362,6.4133
1363,6.8902
1364,10.1495
1365,6.2726
1366,7.4628
1367,5.7783
1368,7.4823
1369,9.8683
1370,5.6734
1371,6.5012
1372,7.4928
1373,6.0222
1374,6.0605
1375,10.7435
1376,10.359
1377,5.8097
1378,5.7399
1379,6.4374
1380,5.9682
1381,6.4605
1382,8.3497
1383,6.9371
1384,6.9013
1385,6.4262
1386,7.6031
1387,8.1169
1388,6.2991
1389,6.687
1390,6.5325
1391,7.6123
1392,9.8632
1393,6.022
1394,9.9576
1395,6.2631
1396,5.8462
1397,7.4009
1398,5.8823
1399,5.7618
1400,6.1997
1401,6.8887
1402,5.7697
1403,7.135
1404,8.6335
1405,7.6598
1406,5.6598
1407,9.6804
1408,5.6035
1409,5.8623
1410,5.7109
1411,6.972
1412,6.0463
1413,9.4778
1414,9.7937
1415,9.8995
1416,7.899
1417,6.5176
1418,8.22
1419,6.9585
1420,5.5291
1421,5.5044
1422,7.4074
1423,7.6005
1424,5.6504
1425,6.3796
1426,7.875
1427,8.4698
1428,6.5296
1429,7.5039
1430,6.0639
1431,5.9579
1432,7.4655
1433,7.2833
1434,9.7684
1435,6.442
1436,5.8496
1437,5.9596
1438,6.7575
1439,6.0379
1440,5.8261
1441,8.018
1442,7.109
1443,5.9855
1444,6.2341
1445,7.1786
1446,10.098
1447,8.6533
1448,6.8425
1449,8.3392
1450,7.8644
1451,9.8273
1452,6.0397
1453,6.0113
1454,5.9671
1455,7.1915
1456,6.5229
1457,6.9319
1458,6.2135
1459,6.0703
1460,7.1081
1461,7.3347
1462,6.606
1463,6.884
1464,7.0058
1465,8.2471
1466,5.7811
1467,7.511
1468,9.4009
1469,6.443
1470,6.9333
1471,7.1044
1472,6.7631
1473,6.6833
1474,7.3653
1475,10.0826
1476,6.3268
1477,6.394
1478,6.6062
1479,6.6703
1480,7.7574
1481,6.6205
1482,8.997
1483,9.1806
1484,5.6495
1485,6.5427
1486,6.2601
1487,10.4885
1488,6.4798
1489,9.0257
1490,7.3575
1491,5.761
1492,8.0082
1493,6.2708
1494,6.807
1495,8.768
1496,10.484
1497,7.1388
1498,10.2054
1499,6.6291
1500,9.4603
1501,6.5677
1502,10.1927
1503,5.6961
1504,6.2365
1505,10.1779
1506,9.7546
1507,5.7278
1508,6.3508
1509,7.193
1510,6.6952
1511,6.9942
1512,6.3529
1513,6.6832
1514,6.9981
1515,6.7039
1516,7.0847
1517,7.2525
1518,6.4284
1519,6.2935
1520,10.394
1521,8.9605
1522,6.2478
1523,7.0857
1524,8.3268
1525,6.3851
1526,10.5395
1527,7.5388
1528,9.6907
1529,7.6239
1530,10.5416
1531,9.7333
1532,9.8983
1533,6.2026
1534,6.9124
1535,9.8938
1536,5.8542
1537,6.1573
1538,5.7195
1539,9.4442
1540,6.8873
1541,6.448
1542,5.8681
1543,8.6827
1544,5.5294
1545,6.9433
1546,6.9638
1547,9.4278
1548,10.3656
1549,6.5484
1550,7.2184
1551,5.5216
1552,5.7849
1553,8.8674
1554,9.5776
1555,7.8109
1556,7.2779
1557,6.8394
1558,9.5531
1559,7.4709
1560,5.788
1561,6.0154
1562,8.1689
1563,7.5434
1564,6.826
1565,10.2827
1566,9.8997
1567,5.6404
1568,5.9259
1569,7.8741
1570,7.0585
1571,6.6227
1572,6.0591
1573,7.7003
1574,7.6259
1575,10.2006
1576,7.7329
1577,5.9667
1578,7.0562
1579,6.8074
1580,8.6373
1581,9.978
1582,5.7957
1583,7.5354
1584,7.4646
1585,5.6371
1586,6.6871
1587,7.2005
1588,7.2933
1589,5.4793
1590,8.6106
1591,8.0272
1592,9.4513
1593,6.3723
1594,6.4293
1595,5.8057
1596,5.8579
1597,7.7916
1598,6.2052
1599,6.3541
1600,6.9698
1601,9.6826
1602,6.7364
1603,7.0262
1604,5.712
1605,6.7622
1606,5.9523
1607,7.4793
1608,8.2538
1609,10.3771
1610,10.0898
1611,6.5267
1612,8.4366
1613,6.8818
1614,6.9779
1615,6.191
1616,6.0142
1617,6.077
1618,7.6423
1619,6.37
1620,7.1038
1621,6.6873
1622,6.9947
1623,5.8664
1624,7.1126
1625,6.2941
1626,10.4333
1627,6.0077
1628,8.2015
1629,5.725
1630,5.7655
1631,7.377
1632,6.7605
1633,6.4992
1634,7.5592
1635,6.4102
1636,6.0823
1637,6.7709
1638,5.6853
1639,6.5685
1640,7.2353
1641,6.4909
1642,6.0838
1643,7.461
1644,7.3667
1645,9.0723
1646,6.2569
1647,8.2366
1648,6.6792
1649,6.3026
1650,8.4796
1651,6.4505
1652,10.6777
1653,7.6881
1654,6.7098
1655,6.0854
1656,6.3591
1657,7.1604
1658,5.7437
1659,5.5352
1660,6.8493
1661,6.8602
1662,8.5031
1663,10.1686
1664,6.8005
1665,8.9477
1666,6.8972
1667,7.0515
1668,6.168
1669,9.0296
1670,6.634
1671,8.6779
1672,5.6585
1673,6.1343
1674,5.8695
1675,8.5346
1676,7.2153
1677,5.7712
1678,7.035
1679,6.9179
1680,8.8965
1681,5.6717
1682,5.5662
1683,5.5087
1684,6.393
1685,10.5807
1686,8.5018
1687,6.7609
1688,6.596
1689,6.5832
1690,7.2271
1691,10.0594
1692,6.4446
1693,8.3811
1694,6.1068
1695,7.7672
1696,6.0339
1697,7.2864
1698,8.6943
1699,6.8091
1700,7.2048
1701,8.3359
1702,6.3584
1703,8.5905
1704,6.5847
1705,6.5911
1706,7.7411
1707,6.2966
1708,6.677
1709,8.2726
1710,5.7387
1711,6.7993
1712,9.2432
1713,6.72
1714,6.8487
1715,6.7786
1716,7.3404
1717,9.2818
1718,5.7309
1719,6.2001
1720,6.3225
1721,7.2252
1722,5.9611
1723,10.3185
1724,6.4379
1725,8.3338
1726,9.9204
1727,6.5054
1728,6.844
1729,7.5219
1730,6.6432
1731,7.4632
1732,6.8328
1733,8.4363
1734,7.2612
1735,8.5385
1736,6.5093
1737,7.2925
1738,6.5514
1739,7.6706
1740,7.6141
1741,6.6491
1742,6.1646
1743,7.7661
1744,6.1942
1745,8.1932
1746,6.3748
1747,7.5208
1748,6.0994
1749,7.0848
1750,5.9858
1751,6.7525
1752,7.8407
1753,5.6713
1754,9.0508
1755,5.8526
1756,7.6658
1757,7.4005
1758,5.8094
1759,9.7575
1760,6.6327
1761,5.9576
1762,7.6492
1763,6.0075
1764,6.8104
1765,8.6919
1766,7.3116
1767,6.9815
1768,5.8431
1769,6.7077
1770,7.683
1771,10.6999
1772,5.7494
1773,5.4657
1774,9.7878
1775,7.438
1776,5.5608
1777,7.8686
1778,9.4469
1779,7.2713
1780,7.4366
1781,7.129
1782,6.722
1783,6.4643
1784,5.9519
1785,5.8243
1786,5.7546
1787,8.2175
1788,6.6137
1789,8.813
1790,10.6915
1791,6.5004
1792,7.4576
1793,6.6435
1794,6.0388
1795,7.2909
1796,7.2559
1797,7.8685
1798,6.3157
1799,5.7426
1800,6.1594
1801,10.5456
1802,6.4323
1803,7.4107
1804,8.9304
1805,7.4699
1806,7.1632
1807,8.5754
1808,7.5728
1809,9.8656
1810,5.8196
1811,6.1138
1812,7.8324
1813,6.6286
1814,9.2509
1815,6.178
1816,7.167
1817,7.0442
1818,6.3819
1819,5.8313
1820,6.2616
1821,6.9052
1822,10.3563
1823,6.4598
1824,9.7124
1825,6.6361
1826,7.4333
1827,6.6963
1828,5.8375
1829,5.9163
1830,5.8908
1831,5.5154
1832,6.3417
1833,9.2818
1834,7.2338
1835,5.97
1836,9.906
1837,7.7753
1838,6.4208
1839,7.1982
1840,5.9314
1841,6.1388
1842,5.8749
1843,10.9037
1844,7.8124
1845,7.1165
1846,9.8533
1847,8.1786
1848,9.5342
1849,7.2008
1850,7.3449
1851,7.125
1852,7.1653
1853,6.4906
1854,6.7428
1855,9.1369
1856,9.3267
1857,9.2949
1858,5.8204
1859,6.9195
1860,7.1932
1861,6.4804
1862,7.0891
1863,9.9049
1864,7.9433
1865,5.9766
1866,6.594
1867,9.1238
1868,9.3561
1869,6.2413
1870,9.1463
1871,5.9646
1872,10.0816
1873,6.3651
1874,6.9298
1875,7.2912
1876,9.5725
1877,8.3445
1878,9.4207
1879,9.7771
1880,7.5264
1881,10.3487
1882,7.0496
1883,7.1642
1884,6.3502
1885,10.2753
1886,7.778
1887,5.6763
1888,10.2686
1889,6.4275
1890,6.2682
1891,6.7718
1892,6.2039
1893,6.7586
1894,6.9006
1895,8.2368
1896,5.6776
1897,7.1896
1898,9.9514
1899,6.5326
1900,10.0501
1901,5.7312
1902,7.8122
1903,7.6651
1904,7.5365
1905,9.4441
1906,5.8074
1907,5.7233
1908,6.0387
1909,7.5161
1910,5.8998
1911,6.8818
1912,7.3426
1913,5.9845
1914,7.7853
1915,7.8471
1916,6.6468
1917,6.1314
1918,8.8102
1919,9.706
1920,6.5732
1921,7.7691
1922,7.3736
1923,10.1747
1924,6.973
1925,6.3804
1926,6.9499
1927,8.7228
1928,7.2564
1929,6.9503
1930,8.5167
1931,7.7259
1932,9.7731
1933,9.2257
1934,7.1416
1935,6.7711
1936,6.2365
1937,9.2189
1938,5.9704
1939,5.7887
1940,6.3087
1941,9.2519
1942,9.896
1943,7.6439
1944,7.3814
1945,7.4295
1946,6.8039
1947,7.5677
1948,6.0052
1949,6.7737
1950,6.9818
1951,7.035
1952,6.4875
1953,7.4937
1954,5.7105
1955,9.9118
1956,6.382
1957,8.3807
1958,5.9091
1959,8.1599
1960,7.2167
1961,5.8003
1962,10.2468
1963,5.9837
1964,7.466
1965,10.081
1966,7.1225
1967,7.0466
1968,6.7939
1969,6.6379
1970,7.9067
1971,6.5441
1972,7.2071
1973,5.5941
1974,7.9661
1975,9.083
1976,7.6155
1977,7.2985
1978,9.4802
1979,6.7506
1980,5.516
1981,7.3338
1982,7.1485
1983,7.0483
1984,6.5743
1985,6.1903
1986,5.9082
1987,7.504
1988,8.5811
1989,6.2182
1990,10.7065
1991,8.127
1992,7.1832
1993,7.2796
1994,6.0898
1995,7.7667
1996,6.9967
1997,7.4147
1998,7.7347
1999,6.4618
2000,6.3835
2001,5.6757
2002,6.2265
2003,9.2711
2004,7.5286
2005,6.494
2006,6.4242
2007,10.3795
2008,10.2111
2009,7.2891
2010,10.0521
2011,6.5622
2012,5.9785
2013,9.8757
2014,7.5901
2015,6.9338
2016,5.8251
2017,5.7785
2018,7.3696
2019,10.263
2020,6.137
2021,6.4374
2022,5.8029
2023,6.8451
2024,6.8714
2025,6.6313
2026,5.8637
2027,9.7482
2028,6.0625
2029,6.9243
2030,6.3991
2031,7.1532
2032,6.0192
2033,6.8909
2034,7.7816
2035,6.8339
2036,6.6841
2037,10.4316
2038,6.0507
2039,10.5082
2040,6.4011
2041,8.8532
2042,7.616
2043,6.8322
2044,7.8642
2045,6.8621
2046,6.7517
2047,6.6248
2048,6.6345
2049,6.4356
2050,7.8146
2051,7.1368
2052,6.445
2053,7.2026
2054,9.5228
2055,6.9825
2056,7.3045
2057,9.9447
2058,6.7509
2059,7.1865
2060,7.5688
2061,7.2312
2062,6.3568
2063,6.0795
2064,7.0254
2065,6.9276
2066,8.2646
2067,6.1742
2068,6.466
2069,10.177
2070,5.4169
2071,8.3276
2072,9.2555
2073,5.5467
2074,5.724
2075,7.7146
2076,6.941
2077,6.9765
2078,6.6296
2079,6.7374
2080,6.8763
2081,7.0416
2082,8.3449
2083,6.0714
2084,5.4248
2085,6.1238
2086,5.612
2087,7.4722
2088,6.189
2089,5.9759
2090,7.3862
2091,8.2804
2092,7.01
2093,8.116
2094,7.3618
2095,5.8666
2096,6.8392
2097,7.4556
2098,8.8246
2099,8.841
2100,9.5163
2101,8.653
2102,6.011
2103,5.816
2104,8.0312
2105,7.0689
2106,7.1699
2107,8.4215
2108,6.9788
2109,7.2336
2110,6.2633
2111,6.2319
2112,5.8022
2113,5.595
2114,7.7444
2115,8.375
2116,5.7665
2117,6.6848
2118,5.7839
2119,6.4609
2120,10.9373
2121,10.4643
2122,7.0557
2123,8.3933
2124,8.1827
2125,9.7522
2126,8.9682
2127,7.3081
2128,6.4102
2129,8.4797
2130,10.2989
2131,6.4496
2132,6.2124
2133,10.1695
2134,7.1441
2135,6.9607
2136,10.3347
2137,9.2649
2138,5.8948
2139,10.3096
2140,5.5054
2141,9.0184
2142,6.6509
2143,9.0017
2144,7.8852
2145,6.1409
2146,7.6295
2147,6.4087
2148,5.6906
2149,7.9623
2150,5.5357
2151,6.1414
2152,7.147
2153,6.0182
2154,6.2531
2155,7.4899
2156,7.5032
2157,9.9798
2158,9.1282
2159,9.8169
2160,9.6539
2161,5.8801
2162,9.6142
2163,7.6703
2164,8.4021
2165,5.7369
2166,9.5932
2167,6.1502
2168,7.7385
2169,6.8366
2170,7.0311
2171,5.7819
2172,7.2582
2173,9.4318
2174,9.2137
2175,6.2421
2176,7.0593
2177,5.6841
2178,8.0116
2179,5.7979
2180,5.8178
2181,7.0168
2182,6.9264
2183,6.8324
2184,7.7149
2185,6.6325
2186,6.9093
2187,8.4735
2188,10.2135
2189,6.0974
2190,6.2191
2191,6.7446
2192,7.4886
2193,8.8542
2194,6.1454
2195,7.6527
2196,6.522
2197,10.1868
2198,9.6178
2199,6.9335
2200,10.2409
2201,9.8483
2202,7.3096
2203,10.3124
2204,6.2503
2205,6.7746
2206,8.6118
2207,9.1033
2208,10.0664
2209,9.2413
2210,5.866
2211,5.6373
2212,6.2718
2213,6.8083
2214,7.2959
2215,7.8353
2216,6.6347
2217,5.6834
2218,6.9082
2219,8.2671
2220,6.0231
2221,10.0176
2222,7.0734
2223,9.2855
2224,6.9527
2225,7.1008
2226,6.9492
2227,7.4405
2228,7.8736
2229,7.0694
2230,5.7357
2231,7.0794
2232,7.4472
2233,6.644
2234,7.3498
2235,6.0762
2236,5.9089
2237,9.6177
2238,7.0882
2239,5.9846
2240,10.0795
2241,6.033
2242,6.161
2243,6.1745
2244,9.1602
2245,6.6307
2246,10.1288
2247,6.2708
2248,10.1528
2249,10.0567
2250,6.8013
2251,6.9757
2252,7.6645
2253,6.4093
2254,6.1131
2255,6.3198
2256,6.5411
2257,5.9863
2258,6.4451
2259,6.7592
2260,6.7081
2261,5.6846
2262,7.0523
2263,7.2038
2264,5.9249
2265,7.0852
2266,6.3248
2267,5.6869
2268,6.2583
2269,7.1818
2270,7.9792
2271,6.0304
2272,8.2344
2273,7.198
2274,9.676
2275,6.6157
2276,5.6603
2277,10.4431
2278,7.295
2279,10.0973
2280,7.0993
2281,5.7904
2282,6.6402
2283,5.9185
2284,6.5454
2285,5.8663
2286,8.2538
2287,6.8686
2288,6.4408
2289,6.1826
2290,7.6744
2291,6.7276
2292,6.8562
2293,6.0116
2294,7.4022
2295,7.3475
2296,9.9596
2297,5.8292
2298,9.4285
2299,10.1201
2300,6.3876
2301,7.6197
2302,5.8508
2303,6.9714
2304,5.4764
2305,7.6182
2306,5.7897
2307,10.4952
2308,8.1172
2309,5.8916
2310,8.2287
2311,6.0103
2312,7.6783
2313,6.9356
2314,8.5858
2315,7.4623
2316,7.166
2317,6.9261
2318,6.7724
2319,6.7315
2320,6.2435
2321,5.9386
2322,9.0982
2323,6.2832
2324,7.4603
2325,7.2372
2326,6.5523
2327,6.7934
2328,5.8428
2329,5.5481
2330,7.016
2331,6.827
2332,6.8915
2333,6.9407
2334,7.7098
2335,8.8646
2336,7.1419
2337,6.5105
2338,8.9346
2339,6.1215
2340,8.6083
2341,5.8034
2342,5.9818
2343,5.4668
2344,6.2214
2345,6.6309
2346,6.7053
2347,6.0436
2348,8.0267
2349,8.626
2350,8.7546
2351,5.9362
2352,8.4629
2353,6.1346
2354,8.5502
2355,7.66
2356,6.6378
2357,10.8697
2358,5.4822
2359,7.123
2360,5.9643
2361,5.6923
2362,7.0112
2363,7.0433
2364,7.6139
2365,7.71
2366,5.601
2367,6.2577
2368,7.0446
2369,5.7195
2370,7.8627
2371,6.2858
2372,7.1795
2373,9.3692
2374,5.6385
2375,7.3767
2376,8.4603
2377,7.9233
2378,6.8204
2379,10.6166
2380,8.4242
2381,7.06
2382,5.9315
2383,10.3031
2384,7.1709
2385,7.7365
2386,5.6094
2387,6.2129
2388,7.1858
2389,7.3658
2390,6.1149
2391,7.2728
2392,5.6189
2393,8.1261
2394,7.718
2395,6.0293
2396,6.9857
2397,7.0947
2398,7.9543
2399,7.0177
2400,10.3924
2401,5.8272
2402,6.4031
2403,7.2102
2404,9.5813
2405,7.3901
2406,6.2778
2407,6.2085
2408,10.1938
2409,7.4863
2410,9.2408
2411,5.8206
2412,8.1502
2413,7.4745
2414,7.1794
2415,7.5202
2416,9.6071
2417,6.8871
2418,6.857
2419,7.0693
2420,7.6756
2421,5.7691
2422,7.5932
2423,6.0941
2424,6.974
2425,8.6592
2426,8.2361
2427,7.7423
2428,7.4225
2429,6.3408
2430,6.4835
2431,7.274
2432,6.0453
2433,6.02
2434,6.0692
2435,6.2509
2436,7.4966
2437,6.0664
2438,6.506
2439,6.7938
2440,7.0813
2441,9.7453
2442,5.8449
2443,7.0166
2444,6.8482
2445,6.6535
2446,7.005
2447,9.4783
2448,10.3232
2449,6.8596
2450,5.7941
2451,6.3221
2452,9.9701
2453,7.3402
2454,7.3629
2455,7.6708
2456,5.6812
2457,5.7506
2458,6.5507
2459,7.4936
2460,6.1719
2461,6.2626
2462,8.4529
2463,7.8062
2464,9.4627
2465,7.0591
2466,7.4566
2467,8.1543
2468,7.2879
2469,5.6955
2470,5.9271
2471,6.1524
2472,5.5754
2473,8.5701
2474,7.8039
2475,6.2752
2476,6.9852
2477,6.4851
2478,5.8105
2479,7.8935
2480,7.6133
2481,5.6814
2482,7.0542
2483,7.0409
2484,6.0039
2485,8.7119
2486,6.8707
2487,6.2726
2488,7.5378
2489,9.4321
2490,8.9698
2491,8.6537
2492,5.8875
2493,8.3068
2494,7.4465
2495,6.9743
2496,6.465
2497,6.4232
2498,6.3708
2499,6.3088
2500,6.5413
2501,7.1348
2502,7.3181
2503,5.9723
2504,5.7481
2505,6.8651
2506,7.1535
2507,9.9101
2508,6.6861
2509,8.333
2510,7.5739
2511,6.4783
2512,7.1101
2513,6.4664
2514,7.1132
2515,10.0785
2516,6.7337
2517,6.4212
2518,6.8922
2519,7.4285
2520,9.2717
2521,5.821
2522,9.4608
2523,7.0181
2524,5.8706
2525,8.5684
2526,6.5346
2527,10.3388
2528,6.8625
2529,10.0572
2530,7.5073
2531,6.986
2532,6.2358
2533,5.7472
2534,6.8456
2535,7.2518
2536,7.9444
2537,6.1726
2538,10.1336
2539,7.2157
2540,6.4665
2541,7.5796
2542,5.7312
2543,5.5968
2544,7.9085
2545,7.603
2546,7.2772
2547,6.0629
2548,5.6187
2549,6.7686
2550,7.4985
2551,10.2132
2552,8.7723
2553,7.3358
2554,7.5101
2555,6.8767
2556,8.0391
2557,10.2201
2558,6.7998
2559,6.0646
2560,6.2345
2561,9.0072
2562,7.0447
2563,7.0124
2564,6.5949
2565,9.4757
2566,6.6464
2567,6.9371
2568,5.9853
2569,6.8499
2570,7.9834
2571,9.0286
2572,6.2112
2573,5.9479
2574,7.6005
2575,6.0857
2576,10.0853
2577,6.6538
2578,5.7992
2579,7.1657
2580,8.72
2581,9.0156
2582,5.7068
2583,7.3669
2584,6.8489
2585,10.323
2586,9.3253
2587,9.6456
2588,7.3406
2589,6.0562
2590,8.2143
2591,6.013
2592,6.2504
2593,6.1307
2594,9.5468
2595,6.8325
2596,5.5883
2597,6.5169
2598,6.1944
2599,7.2217
2600,6.1791
2601,6.602
2602,5.8869
2603,6.7476
2604,8.4869
2605,7.3423
2606,7.1504
2607,9.767
2608,10.1956
2609,7.2758
2610,7.3499
2611,6.9203
2612,7.6942
2613,7.8409
2614,10.4968
2615,5.9538
2616,6.1716
2617,5.6218
2618,9.6652
2619,6.6851
2620,6.4559
2621,7.2149
2622,6.0064
2623,5.8633
2624,5.8875
2625,9.4088
2626,7.3653
2627,5.8566
2628,7.6341
2629,6.9704
2630,6.3483
2631,9.3468
2632,7.3214
2633,6.7141
2634,10.1411
2635,6.2806
2636,7.5705
2637,8.6566
2638,6.7769
2639,6.0358
2640,5.5437
2641,7.7268
2642,7.4123
2643,7.6695
2644,9.0396
2645,7.4822
2646,6.6479
2647,10.6393
2648,7.6492
2649,5.7317
2650,7.4463
2651,7.2015
2652,7.4793
2653,6.2213
2654,10.178
2655,6.9931
2656,6.4571
2657,7.4046
2658,6.8257
2659,7.4775
2660,6.7702
2661,6.3751
2662,10.1492
2663,6.7751
2664,6.792
2665,6.0699
2666,5.6919
2667,5.8172
2668,8.2465
2669,6.9339
2670,6.3179
2671,9.3624
2672,5.5517
2673,9.0185
2674,7.0132
2675,6.8529
2676,6.8885
2677,7.5427
2678,5.8671
2679,8.9225
2680,6.0294
2681,6.0027
2682,8.1801
2683,6.1328
2684,7.8781
2685,8.8292
2686,6.2075
2687,6.8974
2688,9.5693
2689,6.0113
2690,7.7335
2691,7.1295
2692,7.1064
2693,9.9968
2694,6.081
2695,7.0713
2696,10.2608
2697,7.3676
2698,10.0123
2699,9.7872
2700,7.6592
2701,9.2522
2702,6.5138
2703,5.9526
2704,5.9979
2705,5.5483
2706,7.6612
2707,7.2589
2708,9.2629
2709,6.4698
2710,6.7813
2711,7.6284
2712,6.1755
2713,8.1226
2714,5.9258
2715,6.2028
2716,9.4175
2717,6.369
2718,8.5371
2719,6.7332
2720,8.4341
2721,6.2281
2722,5.9134
2723,7.2847
2724,7.4837
2725,6.2839
2726,6.6492
2727,5.7654
2728,7.3418
2729,5.6192
2730,8.6236
2731,6.6142
2732,8.7485
2733,10.3288
2734,8.9386
2735,8.913
2736,9.8238
2737,8.0909
2738,5.9835
2739,8.656
2740,5.5428
2741,6.9662
2742,7.6235
2743,5.663
2744,9.3761
2745,6.6539
2746,5.7391
2747,7.4982
2748,6.9512
2749,6.4717
2750,5.6919
2751,8.5523
2752,6.4536
2753,7.5784
2754,6.0556
2755,7.0804
2756,6.8169
2757,5.9562
2758,5.5031
2759,8.224
2760,6.0362
2761,9.6304
2762,8.5291
2763,7.3643
2764,6.1249
2765,8.4815
2766,7.2653
2767,5.9993
2768,6.2208
2769,6.4927
2770,7.3672
2771,5.863
2772,7.1259
2773,10.0269
2774,7.5659
2775,8.8485
2776,6.8575
2777,7.2307
2778,7.4053
2779,5.5271
2780,6.9609
2781,6.4665
2782,9.9878
2783,7.339
2784,10.0367
2785,7.4064
2786,7.2644
2787,6.7882
2788,9.5374
2789,8.1558
2790,7.1139
2791,5.8302
2792,7.2646
2793,7.6363
2794,7.5563
2795,6.0588
2796,5.4878
2797,5.7199
2798,7.2581
2799,7.8979
2800,6.9937
2801,8.493
2802,7.5301
2803,6.2496
2804,8.5336
2805,6.3677
2806,7.8567
2807,7.0673
2808,7.2326
2809,9.0324
2810,5.9351
2811,6.7922
2812,7.8617
2813,6.5153
2814,8.083
2815,7.8941
2816,7.4044
2817,6.6831
2818,6.8757
2819,7.5189
2820,7.535
2821,9.225
2822,7.6928
2823,6.9635
2824,9.5886
2825,6.5326
2826,6.0204
2827,6.1655
2828,6.043
2829,6.8723
2830,7.5465
2831,6.1296
2832,6.656
2833,6.944
2834,10.318
2835,6.6515
2836,7.7046
2837,5.8975
2838,6.9441
2839,9.594
2840,5.6966
2841,6.4341
2842,7.4869
2843,5.8038
2844,6.0729
2845,10.2751
2846,10.4429
2847,6.0732
2848,5.7614
2849,6.6103
2850,6.127
2851,6.3464
2852,8.5663
2853,6.9108
2854,7.0411
2855,6.6369
2856,7.8875
2857,8.0653
2858,6.6253
2859,6.937
2860,6.3621
2861,7.5518
2862,10.035
2863,5.7348
2864,9.489
2865,6.2346
2866,5.788
2867,7.2353
2868,5.7451
2869,5.9226
2870,6.5184
2871,7.2043
2872,5.6873
2873,7.4072
2874,8.6019
2875,7.4349
2876,5.9092
2877,9.598
2878,5.6998
2879,6.1353
2880,5.692
2881,6.8448
2882,6.2592
2883,9.4385
2884,10.0073
2885,10.2334
2886,7.7594
2887,6.419
2888,7.8461
2889,6.9634
2890,5.7403
2891,5.7049
2892,7.6419
2893,7.5739
2894,5.6656
2895,6.4197
2896,8.1084
2897,8.6064
2898,6.7233
2899,7.4591
2900,6.4778
2901,6.1156
2902,7.286
2903,7.2069
2904,9.4235
2905,6.4609
2906,5.8281
2907,5.8898
2908,6.457
2909,6.0592
2910,5.6946
2911,8.0972
2912,6.8819
2913,5.9906
2914,6.3198
2915,7.5284
2916,10.0689
2917,8.906
2918,6.8726
2919,8.129
2920,7.7623
2921,9.5694
2922,6.0902
2923,5.8866
2924,5.7982
2925,7.0231
2926,6.469
2927,7.148
2928,6.1356
2929,6.265
2930,7.4718
2931,7.5223
2932,6.6193
2933,6.9036
2934,7.1257
2935,7.8305
2936,5.52
2937,7.4707
2938,9.2668
2939,6.8768
2940,6.8839
2941,7.3316
2942,6.7031
2943,6.7284
2944,7.5628
2945,10.3382
2946,6.5353
2947,6.1589
2948,7.0527
2949,6.8859
2950,8.207
2951,6.7029
2952,8.9367
2953,9.2337
2954,5.5065
2955,6.4052
2956,6.144
2957,10.8693
2958,6.6071
2959,9.1829
2960,7.1831
2961,5.4976
2962,7.6452
2963,6.2121
2964,6.4759
2965,8.6457
2966,10.6937
2967,6.9998
2968,10.3132
2969,6.4273
2970,9.9334
2971,6.297
2972,9.7516
2973,5.9007
2974,6.4077
2975,9.6545
2976,9.5461
2977,5.5246
2978,6.2815
2979,7.4491
2980,6.7845
2981,7.2703
2982,6.6197
2983,6.6377
2984,6.8548
2985,6.9792
2986,7.5086
2987,7.2609
2988,6.6464
2989,6.2486
2990,10.5917
2991,8.5524
2992,6.5803
2993,6.8303
2994,8.3391
2995,6.5458
2996,10.5556
2997,7.1251
2998,9.5103
2999,7.31
3000,10.4749
3001,10.1065
3002,9.7791
3003,6.2516
3004,6.9579
3005,10.3352
3006,5.6049
3007,6.2963
3008,5.6943
3009,9.4551
3010,6.9143
3011,6.2478
3012,5.8347
3013,8.7382
3014,5.9173
3015,6.5637
3016,6.6058
3017,9.6947
3018,9.9998
3019,6.7786
3020,7.3192
3021,5.7565
3022,5.7624
3023,8.557
3024,10.2334
3025,7.9048
3026,7.3411
3027,6.8447
3028,9.2582
3029,7.5003
3030,5.8406
3031,5.9668
3032,8.4229
3033,7.1614
3034,6.7469
3035,10.3813
3036,9.6697
3037,5.764
3038,5.9314
3039,7.6264
3040,6.6587
3041,6.5477
3042,5.7389
3043,7.8195
3044,7.6376
3045,10.0919
3046,7.4115
3047,5.8552
3048,7.2239
3049,6.6693
3050,8.7933
3051,10.7424
3052,5.8346
3053,7.6432
3054,7.5897
3055,5.8357
3056,6.7173
3057,7.515
3058,7.1407
3059,5.9149
3060,8.4983
3061,8.5011
3062,9.9218
3063,6.2465
3064,6.4741
3065,6.0986
3066,6.0383
3067,7.6866
3068,6.0646
3069,6.3349
3070,7.4433
3071,9.6279
3072,7.0111
3073,7.045
3074,5.5095
3075,6.4669
3076,5.5396
3077,7.5482
3078,8.3317
3079,10.0743
3080,10.3848
3081,6.8807
3082,8.8416
3083,6.7833
3084,7.216
3085,6.259
3086,5.8543
3087,6.1787
3088,7.6793
3089,6.6016
3090,7.0367
3091,6.6077
3092,7.1685
3093,5.8812
3094,7.1849
3095,6.1903
3096,10.2939
3097,5.7773
3098,8.0749
3099,5.5961
3100,5.7969
3101,7.6845
3102,6.7199
3103,6.0433
3104,7.5116
3105,6.4684
3106,5.7866
3107,6.6683
3108,5.7831
3109,6.9388
3110,7.5029
3111,6.2904
3112,6.2268
3113,7.3043
3114,6.9881
3115,8.9363
3116,5.9499
3117,8.2159
3118,6.7005
3119,6.2116
3120,8.4679
3121,6.2884
3122,10.3488
3123,7.1416
3124,6.9119
3125,6.0168
3126,6.4451
3127,6.8229
3128,5.933
3129,5.7665
3130,6.8582
3131,6.7813
3132,8.5462
3133,10.0162
3134,6.8326
3135,8.7365
3136,6.8887
3137,6.8178
3138,6.4803
3139,8.6871
3140,6.279
3141,8.5474
3142,5.676
3143,5.7877
3144,6.2081
3145,8.1057
3146,6.952
3147,5.8397
3148,7.5981
3149,7.1149
3150,8.6405
3151,5.7646
3152,5.4877
3153,5.6239
3154,6.6631
3155,10.7241
3156,8.7759
3157,7.1418
3158,6.2233
3159,6.4806
3160,6.8689
3161,10.2715
3162,6.7171
3163,8.758
3164,6.3396
3165,7.4184
3166,6.0101
3167,7.6058
3168,8.7487
3169,6.8586
3170,6.8499
3171,8.2671
3172,6.5953
3173,8.66
3174,6.6754
3175,6.5006
3176,8.0387
3177,6.0156
3178,6.9061
3179,8.4667
3180,5.5132
3181,7.01
3182,9.1816
3183,6.9664
3184,6.9105
3185,7.2354
3186,7.0229
3187,9.2687
3188,5.8281
3189,6.5853
3190,6.2493
3191,6.8199
3192,5.9144
3193,10.2664
3194,6.8155
3195,8.4143
3196,9.6246
3197,6.1832
3198,6.5098
3199,7.2785
3200,6.3462
3201,7.3064
3202,6.5374
3203,8.4272
3204,7.2269
3205,8.6346
3206,6.2643
3207,6.8805
3208,6.3526
3209,7.3425
3210,7.8252
3211,6.589
3212,6.0489
3213,7.209
3214,6.5622
3215,8.4052
3216,6.3993
3217,7.3829
3218,6.1153
3219,6.7745
3220,5.8952
3221,6.924
3222,7.8746
3223,5.7448
3224,9.4381
3225,5.6747
3226,8.1157
3227,7.3134
3228,6.2337
3229,9.3463
3230,6.5238
3231,5.9152
3232,7.1984
3233,5.8018
3234,6.9194
3235,8.5924
3236,6.9215
3237,6.8636
3238,5.9547
3239,6.6122
3240,7.3458
3241,10.7238
3242,5.8831
3243,5.6344
3244,9.6209
3245,7.524
3246,5.5801
3247,7.8248
3248,9.3441
3249,7.4863
3250,7.5488
3251,6.8813
3252,7.0237
3253,6.5213
3254,5.8169
3255,5.6632
3256,5.9478
3257,8.1896
3258,6.4513
3259,9.2258
3260,10.2805
3261,6.6348
3262,7.3471
3263,6.8731
3264,5.9777
3265,7.3739
3266,7.2707
3267,7.8232
3268,6.5129
3269,5.7662
3270,5.906
3271,10.0259
3272,6.5355
3273,7.7716
3274,9.1221
3275,7.3772
3276,7.0969
3277,8.3168
3278,7.1662
3279,10.129
3280,6.0488
3281,6.4583
3282,7.5788
3283,6.5719
3284,8.9943
3285,6.3868
3286,7.1554
3287,7.2486
3288,6.7061
3289,5.7554
3290,5.8148
3291,7.1224
3292,9.769
3293,6.5012
3294,9.1835
3295,6.4082
3296,7.4446
3297,6.8014
3298,5.816
3299,5.9347
3300,6.0903
3301,5.6554
3302,6.3879
3303,9.1069
3304,7.576
3305,5.8861
3306,10.3302
3307,8.194
3308,5.9881
3309,7.1911
3310,5.7145
3311,5.8089
3312,6.3893
3313,10.8811
3314,7.741
3315,7.2907
3316,10.2396
3317,8.3986
3318,9.722
3319,7.4785
3320,7.1493
3321,6.9777
3322,6.977
3323,6.6852
3324,6.6961
3325,8.8414
3326,9.4483
3327,8.8492
3328,5.9537
3329,6.7049
3330,7.193
3331,6.4316
3332,7.0111
3333,10.3414
3334,8.0834
3335,6.3923
3336,6.4137
3337,8.9876
3338,9.8864
3339,6.2084
3340,8.9976
3341,5.9072
3342,10.2194
3343,6.1471
3344,6.6316
3345,7.6382
3346,10.2472
3347,8.2955
3348,9.0925
3349,9.7751
3350,7.3326
3351,10.063
3352,7.2766
3353,7.5701
3354,6.2846
3355,10.005
3356,7.9293
3357,5.8838
3358,9.9723
3359,6.8078
3360,6.4243
3361,6.6056
3362,6.0136
3363,6.5725
3364,6.9008
3365,8.583
3366,5.6707
3367,7.4601
3368,10.3532
3369,6.898
3370,10.4062
3371,5.7977
3372,7.6015
3373,7.8044
3374,7.6276
3375,9.5644
3376,5.8481
3377,5.9234
3378,5.9418
3379,7.4192
3380,5.866
3381,6.334
3382,6.8999
3383,6.2336
3384,7.4265
3385,7.5635
3386,6.982
3387,6.0048
3388,9.1669
3389,9.9171
3390,6.2499
3391,8.0656
3392,7.3763
3393,9.9104
3394,6.8807
3395,6.8699
3396,7.1502
3397,8.547
3398,7.6751
3399,6.9278
3400,8.462
3401,7.753
3402,9.8593
3403,8.878
3404,7.1914
3405,6.7268
3406,6.1099
3407,8.9469
3408,6.1064
3409,6.0208
3410,6.0167
3411,8.9052
3412,9.5919
3413,7.7502
3414,7.4344
3415,7.678
3416,7.1056
3417,7.8272
3418,5.8953
3419,6.5221
3420,6.5687
3421,6.6911
3422,6.5997
3423,7.4643
3424,5.9067
3425,9.5112
3426,6.0948
3427,8.1136
3428,5.9736
3429,7.9336
3430,7.3985
3431,5.6741
3432,10.7717
3433,6.12
3434,7.6438
3435,10.5416
3436,7.2758
3437,7.1191
3438,6.9777
3439,6.6795
3440,7.5595
3441,6.3129
3442,7.5602
3443,5.6584
3444,7.8743
3445,8.6964
3446,7.1939
3447,6.9532
3448,9.1989
3449,7.1375
3450,5.9439
3451,7.2481
3452,7.1776
3453,7.3312
3454,6.5592
3455,6.1806
3456,5.7589
3457,7.2581
3458,8.4629
3459,6.3065
3460,10.6374
3461,8.0374
3462,6.9042
3463,6.9428
3464,5.9951
3465,7.6556
3466,6.7301
3467,7.6485
3468,7.5752
3469,6.2507
3470,6.2476
3471,6.0287
3472,6.0845
3473,9.4241
3474,7.5254
3475,6.4038
3476,6.1102
3477,10.1105
3478,10.5893
3479,7.4202
3480,10.0771
3481,6.4352
3482,5.8956
3483,9.9187
3484,7.8308
3485,6.8288
3486,5.7989
3487,5.5266
3488,7.3518
3489,10.3895
3490,5.7491
3491,6.2943
3492,5.9027
3493,6.9597
3494,6.515
3495,6.8335
3496,5.5644
3497,10.3847
3498,5.6948
3499,6.8502
3500,6.0654
3501,7.1323
3502,6.0332
3503,6.9051
3504,7.5337
3505,6.6361
3506,6.5677
3507,10.6814
3508,6.1043
3509,10.2475
3510,6.7856
3511,8.6963
3512,7.6431
3513,6.6126
3514,7.3336
3515,7.0677
3516,6.6309
3517,6.3318
3518,6.4724
3519,6.3403
3520,7.4063
3521,7.0864
3522,6.4903
3523,7.4592
3524,10.1725
3525,6.9911
3526,7.2574
3527,10.3379
3528,6.4952
3529,7.1905
3530,7.6761
3531,6.9817
3532,6.3563
3533,5.9846
3534,6.9344
3535,6.8122
3536,8.3305
3537,6.284
3538,6.228
3539,10.3249
3540,5.8321
3541,8.6254
3542,9.7207
3543,5.5795
3544,5.8245
3545,7.7055
3546,7.0392
3547,7.3297
3548,6.4267
3549,6.7405
3550,6.7492
3551,7.0436
3552,8.3516
3553,6.254
3554,5.4865
3555,6.3199
3556,5.6774
3557,7.4845
3558,5.7949
3559,5.925
3560,7.3362
3561,8.4639
3562,7.1143
3563,7.6998
3564,7.6689
3565,5.6092
3566,6.7636
3567,7.8221
3568,8.6702
3569,9.0797
3570,9.4963
3571,8.6833
3572,6.1046
3573,5.8674
3574,8.0389
3575,6.8773
3576,7.5109
3577,8.2015
3578,6.6315
3579,6.7834
3580,6.093
3581,6.1736
3582,5.5711
3583,5.6444
3584,7.6667
3585,8.2391
3586,6.0225
3587,6.5951
3588,5.7124
3589,6.4262
3590,10.6662
3591,10.3396
3592,7.2405
3593,9.0689
3594,8.2473
3595,9.2437
3596,9.0854
3597,7.3009
3598,6.3927
3599,8.6533
3600,10.4416
3601,6.346
3602,6.4576
3603,9.7423
3604,7.299
3605,7.3823
3606,9.8125
3607,8.7146
3608,5.9376
3609,10.0104
3610,5.6394
3611,9.2264
3612,6.3992
3613,8.9496
3614,8.1451
3615,6.5229
3616,7.6366
3617,6.2083
3618,5.692
3619,7.7675
3620,5.4667
3621,6.1053
3622,7.4921
3623,5.7802
3624,6.2907
3625,7.3608
3626,7.618
3627,10.3058
3628,9.1628
3629,9.4003
3630,9.7836
3631,5.4304
3632,9.3833
3633,7.671
3634,8.3838
3635,5.6145
3636,9.1514
3637,6.3012
3638,7.3154
3639,6.923
3640,6.9017
3641,5.5767
3642,7.4457
3643,9.4218
3644,9.4059
3645,6.4695
3646,6.6117
3647,6.2064
3648,8.0356
3649,5.8755
3650,5.5843
3651,7.0657
3652,6.6626
3653,7.1916
3654,7.6963
3655,7.07
3656,7.1268
3657,8.3193
3658,9.6812
3659,5.943
3660,6.1077
3661,6.8596
3662,7.525
3663,8.8212
3664,6.1868
3665,7.5488
3666,6.0665
3667,10.8599
3668,9.6266
3669,6.4489
3670,10.6462
3671,10.065
3672,7.1583
3673,10.2999
3674,6.0568
3675,6.934
3676,8.5195
3677,9.3538
3678,10.0101
3679,9.6098
3680,6.0523
3681,5.6269
3682,5.9856
3683,7.0714
3684,7.2814
3685,7.6196
3686,6.5061
3687,5.8925
3688,6.5155
3689,8.2265
3690,5.9364
3691,9.7664
3692,7.1092
3693,8.8947
3694,6.8305
3695,7.2947
3696,6.7367
3697,7.4232
3698,7.5618
3699,6.9634
3700,5.7092
3701,7.1231
3702,7.6603
3703,6.8099
3704,7.126
3705,6.2019
3706,6.0504
3707,9.3183
3708,6.8556
3709,5.6456
3710,9.918
3711,6.1975
3712,6.2584
3713,6.3967
3714,9.031
3715,6.2591
3716,9.7558
3717,6.2807
3718,10.0726
3719,9.9706
3720,6.9344
3721,7.2649
3722,7.6908
3723,5.9789
3724,5.9895
3725,6.3734
3726,6.2418
3727,6.1601
3728,6.4184
3729,6.7104
3730,6.3814
3731,5.6043
3732,6.9897
3733,7.0637
3734,5.6937
3735,7.2814
3736,6.536
3737,5.7683
3738,6.0602
3739,7.6098
3740,8.2436
3741,6.3909
3742,8.1452
3743,7.2067
3744,9.6026
3745,6.5755
3746,5.595
3747,10.1104
3748,7.3654
3749,10.4292
3750,6.9902
3751,5.6309
3752,6.8433
3753,5.8263
3754,6.641
3755,5.5003
3756,8.1215
3757,6.7336
3758,6.8247
3759,6.1678
3760,7.6227
3761,6.4486
3762,6.5436
3763,5.8206
3764,7.018
3765,7.2056
3766,10.1752
3767,6.1117
3768,9.9469
3769,10.3394
3770,6.383
3771,7.6049
3772,5.7381
3773,6.6805
3774,5.8817
3775,7.9025
3776,5.7225
3777,10.3636
3778,7.9636
3779,5.8498
3780,7.7013
3781,6.2378
3782,7.559
3783,7.0953
3784,8.9941
3785,7.7541
3786,7.2468
3787,6.5471
3788,6.7904
3789,6.5217
3790,6.4987
3791,5.9314
3792,9.5504
3793,6.2766
3794,7.4269
3795,7.0285
3796,6.7437
3797,6.8219
3798,6.2492
3799,5.9114
3800,6.6109
3801,6.8785
3802,7.0115
3803,7.0747
3804,7.4158
3805,8.6036
3806,7.6517
3807,6.4059
3808,9.1134
3809,6.5262
3810,8.7841
3811,5.4758
3812,5.9157
3813,5.854
3814,6.0732
3815,6.4423
3816,6.9847
3817,6.2243
3818,7.9758
3819,8.2636
3820,9.2474
3821,5.7596
3822,8.6703
3823,6.1457
3824,8.6275
3825,7.2788
3826,6.7086
3827,10.2807
3828,5.6678
3829,6.9909
3830,6.1359
3831,5.8245
3832,7.2069
3833,7.0576
3834,7.7655
3835,7.9561
3836,5.5621
3837,6.5429
3838,7.2203
3839,5.8394
3840,7.8439
3841,6.5734
3842,6.7864
3843,9.1407
3844,5.6803
3845,7.413
3846,8.6954
3847,8.5188
3848,6.7245
3849,10.3543
3850,8.5046
3851,6.9746
3852,5.9697
3853,10.0735
3854,6.704
3855,7.3808
3856,5.6754
3857,6.2051
3858,7.3741
3859,7.6939
3860,6.2434
3861,7.5064
3862,5.5692
3863,8.3444
3864,7.4628
3865,5.9335
3866,7.1335
3867,7.3889
3868,8.1278
3869,6.9255
3870,9.8733
3871,6.2271
3872,6.3761
3873,6.9555
3874,9.0099
3875,7.3756
3876,6.4899
3877,5.9794
3878,10.9073
3879,7.1951
3880,9.4377
3881,5.7945
3882,8.0355
3883,7.8498
3884,6.8117
3885,7.4776
3886,9.6025
3887,7.3514
3888,6.9489
3889,7.1586
3890,7.843
3891,5.9981
3892,7.4782
3893,6.1131
3894,6.8145
3895,8.8168
3896,8.2954
3897,7.9252
3898,7.624
3899,6.5981
3900,6.5457
3901,7.2647
3902,5.8993
3903,5.752
3904,6.0762
3905,6.5595
3906,7.3924
3907,6.2317
3908,6.7284
3909,6.673
3910,7.2151
3911,9.4222
3912,5.7877
3913,7.0957
3914,7.1382
3915,6.7576
3916,7.3149
3917,9.1174
3918,10.3285
3919,6.4267
3920,5.5722
3921,6.0268
3922,9.8249
3923,7.4392
3924,7.2714
3925,7.1334
3926,5.6905
3927,5.7941
3928,6.1419
3929,7.4844
3930,5.7921
3931,6.6137
3932,8.0889
3933,7.4564
3934,9.7164
3935,7.1265
3936,7.404
3937,7.9394
3938,7.5945
3939,5.7722
3940,6.0599
3941,6.4339
3942,5.5502
3943,8.8549
3944,8.0295
3945,6.43
3946,7.019
3947,6.5967
3948,6.1143
3949,7.9239
3950,7.9926
3951,5.9647
3952,7.4178
3953,6.9481
3954,6.0861
3955,8.6573
3956,6.6217
3957,6.3377
3958,7.5122
3959,9.2663
3960,9.2152
3961,9.0671
3962,5.5079
3963,8.2491
3964,7.8499
3965,7.219
3966,6.4202
3967,6.3246
3968,6.052
3969,6.3981
3970,6.5504
3971,7.493
3972,7.2613
3973,5.797
3974,5.9459
3975,6.9108
3976,7.4732
3977,9.8708
3978,6.8594
3979,8.5666
3980,7.3073
3981,6.1726
3982,7.1665
3983,6.1301
3984,6.9845
3985,10.0503
3986,6.9203
3987,6.7197
3988,6.9488
3989,7.2243
3990,8.7997
3991,5.7832
3992,9.1713
3993,6.9708
3994,5.6166
3995,8.3346
3996,6.8852
3997,10.1586
3998,6.619
3999,9.8461
4000,7.2124
4001,7.1223
4002,6.2286
4003,5.7371
4004,6.9812
4005,7.0502
4006,7.7708
4007,6.4265
4008,9.8776
4009,7.4243
4010,6.6588
4011,7.6914
4012,6.0789
4013,5.9631
4014,7.975
4015,7.6135
4016,7.2873
4017,6.2067
4018,5.9799
4019,6.4204
4020,7.2844
4021,9.8796
4022,8.9187
4023,6.9226
4024,7.7108
4025,6.9189
4026,8.6185
4027,10.1694
4028,7.025
4029,6.0467
4030,6.5855
4031,8.8573
4032,7.1906
4033,6.7039
4034,6.7141
4035,9.5452
4036,6.4231
4037,7.1167
4038,6.1251
4039,7.0341
4040,7.6064
4041,9.0494
4042,6.3636
4043,5.8586
4044,7.2286
4045,5.8652
4046,10.434
4047,6.4421
4048,6.0932
4049,6.7915
4050,8.5073
4051,8.6568
4052,5.6538
4053,7.6115
4054,6.5091
4055,10.7382
4056,9.6449
4057,9.6396
4058,7.4273
4059,5.7249
4060,8.2044
4061,5.9245
4062,6.3162
4063,6.2236
4064,9.1837
4065,6.6839
4066,5.5124
4067,6.6027
4068,6.5157
4069,7.5553
4070,6.444
4071,6.572
4072,6.1393
4073,6.8931
4074,8.1038
4075,7.5092
4076,7.0866
4077,9.6134
4078,10.418
4079,7.2585
4080,7.6975
4081,7.3088
4082,7.5855
4083,7.9458
4084,10.2492
4085,5.8692
4086,6.0947
4087,5.7549
4088,10.3745
4089,6.2394
4090,6.7713
4091,7.5807
4092,5.9394
4093,5.8621
4094,5.7739
4095,9.6227
4096,7.5123
4097,5.979
4098,7.7874
4099,6.8206
4100,6.1297
4101,9.5676
4102,7.0546
4103,7.0217
4104,9.9231
4105,5.8992
4106,7.6656
4107,8.3416
4108,6.4308
4109,5.9679
4110,5.6827
4111,7.5869
4112,7.8176
4113,7.5509
4114,8.7917
4115,7.7485
4116,6.45
4117,10.2349
4118,7.7652
4119,6.0184
4120,7.8701
4121,7.3656
4122,7.6136
4123,6.123
4124,10.8525
4125,7.0066
4126,6.5562
4127,7.4955
4128,7.2389
4129,7.2604
4130,6.4926
4131,6.3134
4132,10.1393
4133,6.5376
4134,6.9567
4135,5.925
4136,5.7614
4137,5.773
4138,8.0343
4139,6.9659
4140,6.3072
4141,9.1501
4142,5.5514
4143,9.3089
4144,7.3559
4145,7.1671
4146,6.9171
4147,7.4518
4148,5.5774
4149,8.6538
4150,6.1853
4151,5.8727
4152,8.0691
4153,6.4287
4154,8.0815
4155,9.3078
4156,5.9005
4157,7.1073
4158,9.4578
4159,5.978
4160,7.378
4161,7.3371
4162,6.9935
4163,10.6584
4164,5.9608
4165,7.0481
4166,9.6531
4167,7.5324
4168,10.2699
4169,9.2599
4170,7.6113
4171,9.6318
4172,6.4289
4173,6.1041
4174,5.9208
4175,5.4813
4176,7.4551
4177,7.3944
4178,8.9667
4179,6.3665
4180,6.919
4181,7.7568
4182,6.133
4183,8.2226
4184,5.8158
4185,6.2989
4186,9.528
4187,6.1163
4188,8.2132
4189,6.6347
4190,8.6752
4191,6.2999
4192,5.9963
4193,7.2879
4194,7.1595
4195,6.2322
4196,6.3542
4197,5.7246
4198,7.562
4199,5.553
4200,8.7931
4201,6.6708
4202,8.8195
4203,9.9872
4204,9.0268
4205,9.0468
4206,9.5558
4207,7.8993
4208,6.1176
4209,8.1717
4210,5.7658
4211,6.7817
4212,7.5394
4213,5.9846
4214,9.178
4215,6.7425
4216,5.5082
4217,7.8156
4218,6.7262
4219,6.2459
4220,5.569
4221,8.7883
4222,6.5255
4223,7.6568
4224,5.7623
4225,7.2738
4226,6.8301
4227,5.6518
4228,5.7103
4229,8.5156
4230,6.0938
4231,10.0996
4232,8.8066
4233,7.468
4234,6.2393
4235,8.4195
4236,7.6581
4237,6.1281
4238,5.9385
4239,6.5633
4240,7.3131
4241,5.624
4242,7.2278
4243,9.6101
4244,7.766
4245,8.8499
4246,6.9748
4247,7.0455
4248,7.4921
4249,5.671
4250,6.8606
4251,6.1689
4252,9.8533
4253,7.4866
4254,10.3725
4255,7.1495
4256,7.5036
4257,6.7427
4258,9.3849
4259,8.2406
4260,7.0677
4261,6.0616
4262,6.9607
4263,7.7173
4264,7.7541
4265,6.0441
4266,5.5613
4267,5.8127
4268,7.294
4269,7.5705
4270,7.3496
4271,8.3708
4272,7.5125
4273,6.4085
4274,8.8119
4275,6.5179
4276,8.1551
4277,7.5412
4278,7.2587
4279,9.1055
4280,5.8421
4281,7.0807
4282,7.609
4283,6.682
4284,7.7003
4285,7.4379
4286,7.6519
4287,6.342
4288,6.7288
4289,7.6512
4290,7.3217
4291,9.496
4292,7.2723
4293,7.252
4294,10.1754
4295,6.4921
4296,5.9752
4297,6.4743
4298,5.9278
4299,7.0276
4300,7.7179
4301,5.8012
4302,6.6635
4303,7.108
4304,10.2833
4305,6.3788
4306,7.7793
4307,5.6157
4308,6.9955
4309,9.6408
4310,5.9351
4311,6.7131
4312,7.1012
4313,5.9806
4314,6.0389
4315,10.4296
4316,10.5353
4317,6.0339
4318,5.8363
4319,6.5308
4320,5.7288
4321,6.4094
4322,8.5227
4323,7.1269
4324,7.0203
4325,6.3337
4326,7.5398
4327,7.7661
4328,6.5144
4329,6.6077
4330,6.7369
4331,7.3041
4332,10.2427
4333,5.6694
4334,9.5562
4335,6.2578
4336,5.8309
4337,7.277
4338,5.8761
4339,5.8322
4340,6.4164
4341,6.9264
4342,5.7286
4343,7.067
4344,8.7457
4345,7.4421
4346,5.8505
4347,9.7696
4348,5.8648
4349,6.1314
4350,5.9435
4351,6.8528
4352,6.2729
4353,9.5015
4354,10.0585
4355,10.2622
4356,7.7058
4357,6.104
4358,7.8275
4359,7.3181
4360,5.6369
4361,5.6242
4362,7.2024
4363,7.6113
4364,5.8478
4365,6.2854
4366,7.9476
4367,8.861
4368,6.4589
4369,7.4716
4370,6.2371
4371,6.2555
4372,7.3776
4373,7.2842
4374,10.0267
4375,6.616
4376,5.5388
4377,5.7438
4378,6.623
4379,6.0217
4380,5.6182
4381,8.0689
4382,7.1993
4383,5.8308
4384,6.1878
4385,7.2147
4386,10.2139
4387,8.8192
4388,6.5555
4389,8.6319
4390,7.659
4391,9.8086
4392,6.0841
4393,5.5993
4394,5.984
4395,7.074
4396,6.4302
4397,7.0637
4398,6.18
4399,5.8481
4400,7.4573
4401,7.8317
4402,6.7975
4403,6.8284
4404,7.1171
4405,8.3169
4406,5.8972
4407,7.1495
4408,9.1876
4409,6.5118
